repo,requested_reviewers,assignee,author_association,created_at,state,number,issue_url,user,node_id,url,id
k8-reverse-proxy,,,COLLABORATOR,2020-09-08T20:41:47Z,open,20,https://api.github.com/repos/filetrust/k8-reverse-proxy/issues/20,MariuszFerdyn,MDExOlB1bGxSZXF1ZXN0NDgyMjg0OTk3,https://api.github.com/repos/filetrust/k8-reverse-proxy/pulls/20,482284997
k8-reverse-proxy,,,COLLABORATOR,2020-09-08T14:44:06Z,open,19,https://api.github.com/repos/filetrust/k8-reverse-proxy/issues/19,naderaly,MDExOlB1bGxSZXF1ZXN0NDgyMDk2MTY3,https://api.github.com/repos/filetrust/k8-reverse-proxy/pulls/19,482096167
k8-reverse-proxy,,,COLLABORATOR,2020-09-08T09:59:53Z,open,16,https://api.github.com/repos/filetrust/k8-reverse-proxy/issues/16,NourEddineX,MDExOlB1bGxSZXF1ZXN0NDgxOTI3NTQ4,https://api.github.com/repos/filetrust/k8-reverse-proxy/pulls/16,481927548
k8-reverse-proxy,,,NONE,2020-09-07T20:24:23Z,open,14,https://api.github.com/repos/filetrust/k8-reverse-proxy/issues/14,a-khaledf,MDExOlB1bGxSZXF1ZXN0NDgxNjI4ODI1,https://api.github.com/repos/filetrust/k8-reverse-proxy/pulls/14,481628825
k8-traffic-generator,,a-khaledf,NONE,2020-09-08T12:15:15Z,open,78,https://api.github.com/repos/filetrust/k8-traffic-generator/issues/78,a-khaledf,MDExOlB1bGxSZXF1ZXN0NDgxOTk5Mzg0,https://api.github.com/repos/filetrust/k8-traffic-generator/pulls/78,481999384
k8-traffic-generator,DinisCruz,yardenshoham,COLLABORATOR,2020-09-07T19:00:12Z,open,77,https://api.github.com/repos/filetrust/k8-traffic-generator/issues/77,yardenshoham,MDExOlB1bGxSZXF1ZXN0NDgxNjAxMDIz,https://api.github.com/repos/filetrust/k8-traffic-generator/pulls/77,481601023
k8-traffic-generator,,pranaysahith,COLLABORATOR,2020-09-07T17:58:25Z,open,76,https://api.github.com/repos/filetrust/k8-traffic-generator/issues/76,pranaysahith,MDExOlB1bGxSZXF1ZXN0NDgxNTc3Nzg4,https://api.github.com/repos/filetrust/k8-traffic-generator/pulls/76,481577788
k8-traffic-generator,DinisCruz,reem-masoud,COLLABORATOR,2020-09-07T10:55:08Z,open,75,https://api.github.com/repos/filetrust/k8-traffic-generator/issues/75,reem-masoud,MDExOlB1bGxSZXF1ZXN0NDgxMjg0Mjk4,https://api.github.com/repos/filetrust/k8-traffic-generator/pulls/75,481284298
k8-traffic-generator,,xuxant,COLLABORATOR,2020-09-07T09:40:35Z,open,73,https://api.github.com/repos/filetrust/k8-traffic-generator/issues/73,xuxant,MDExOlB1bGxSZXF1ZXN0NDgxMjMxMjE5,https://api.github.com/repos/filetrust/k8-traffic-generator/pulls/73,481231219
k8-traffic-generator,dinis-cruz-gw,belwase,COLLABORATOR,2020-09-04T06:16:33Z,open,66,https://api.github.com/repos/filetrust/k8-traffic-generator/issues/66,belwase,MDExOlB1bGxSZXF1ZXN0NDc5MzM1MjIz,https://api.github.com/repos/filetrust/k8-traffic-generator/pulls/66,479335223
k8-traffic-generator,dinis-cruz-gw,DinisCruz,COLLABORATOR,2020-09-03T13:12:42Z,open,64,https://api.github.com/repos/filetrust/k8-traffic-generator/issues/64,ggrig,MDExOlB1bGxSZXF1ZXN0NDc4NjIyOTIz,https://api.github.com/repos/filetrust/k8-traffic-generator/pulls/64,478622923
k8-data-visualization,DinisCruz,baker371,COLLABORATOR,2020-09-05T17:17:31Z,open,48,https://api.github.com/repos/filetrust/k8-data-visualization/issues/48,baker371,MDExOlB1bGxSZXF1ZXN0NDgwNTUyODAz,https://api.github.com/repos/filetrust/k8-data-visualization/pulls/48,480552803
k8-performance-use-cases,DinisCruz,,COLLABORATOR,2020-09-07T08:16:14Z,open,8,https://api.github.com/repos/filetrust/k8-performance-use-cases/issues/8,hongson1981,MDExOlB1bGxSZXF1ZXN0NDgxMTcyNjY5,https://api.github.com/repos/filetrust/k8-performance-use-cases/pulls/8,481172669
k8-performance-use-cases,,hongson1981,COLLABORATOR,2020-09-03T04:14:17Z,open,6,https://api.github.com/repos/filetrust/k8-performance-use-cases/issues/6,hongson1981,MDExOlB1bGxSZXF1ZXN0NDc4MzM5NTA4,https://api.github.com/repos/filetrust/k8-performance-use-cases/pulls/6,478339508
